<?xml version="1.0" encoding="UTF-8"?>
<ListView xmlns="http://soap.sforce.com/2006/04/metadata">
    <fullName>LESS_REVENUE_PRODUCTION</fullName>
    <columns>NAME</columns>
    <filterScope>Mine</filterScope>
    <filters>
        <field>Annual_Revenue__c</field>
        <operation>lessThan</operation>
        <value>5000</value>
    </filters>
    <label>LESS REVENUE PRODUCTION</label>
    <sharedTo>
        <roleAndSubordinates>CustomerSupportInternational</roleAndSubordinates>
    </sharedTo>
</ListView>
