<?xml version="1.0" encoding="UTF-8"?>
<CustomField xmlns="http://soap.sforce.com/2006/04/metadata">
    <fullName>ASSISTANT_DIRECTOR__c</fullName>
    <externalId>false</externalId>
    <label>ASSISTANT DIRECTOR</label>
    <required>false</required>
    <trackHistory>true</trackHistory>
    <trackTrending>false</trackTrending>
    <type>Picklist</type>
    <valueSet>
        <restricted>true</restricted>
        <valueSetDefinition>
            <sorted>false</sorted>
            <value>
                <fullName>BEESHMA</fullName>
                <default>true</default>
                <label>BEESHMA</label>
            </value>
            <value>
                <fullName>RANGA CHARY</fullName>
                <default>false</default>
                <label>RANGA CHARY</label>
            </value>
            <value>
                <fullName>SRINIVAS</fullName>
                <default>false</default>
                <label>SRINIVAS</label>
            </value>
        </valueSetDefinition>
    </valueSet>
</CustomField>
