<?xml version="1.0" encoding="UTF-8"?>
<CustomField xmlns="http://soap.sforce.com/2006/04/metadata">
    <fullName>PRODUCTION_DESIGNERS__c</fullName>
    <description>THESE ARE THE PRODUCTION DESIGNERS</description>
    <externalId>false</externalId>
    <label>PRODUCTION DESIGNERS</label>
    <required>true</required>
    <trackHistory>true</trackHistory>
    <trackTrending>false</trackTrending>
    <type>MultiselectPicklist</type>
    <valueSet>
        <restricted>true</restricted>
        <valueSetDefinition>
            <sorted>false</sorted>
            <value>
                <fullName>RAGHU</fullName>
                <default>false</default>
                <label>RAGHU</label>
            </value>
            <value>
                <fullName>RAMESH</fullName>
                <default>false</default>
                <label>RAMESH</label>
            </value>
            <value>
                <fullName>RAVI</fullName>
                <default>false</default>
                <label>RAVI</label>
            </value>
        </valueSetDefinition>
    </valueSet>
    <visibleLines>4</visibleLines>
</CustomField>
