<?xml version="1.0" encoding="UTF-8"?>
<RecordType xmlns="http://soap.sforce.com/2006/04/metadata">
    <fullName>Directors_guide</fullName>
    <active>true</active>
    <label>Directors guide</label>
    <picklistValues>
        <picklist>PERSONAL_MAKEUP_ARTIST__c</picklist>
        <values>
            <fullName>CHANDHANA</fullName>
            <default>false</default>
        </values>
        <values>
            <fullName>MEGHANA</fullName>
            <default>false</default>
        </values>
        <values>
            <fullName>PRIYANKA</fullName>
            <default>false</default>
        </values>
        <values>
            <fullName>SNIGDHA</fullName>
            <default>false</default>
        </values>
    </picklistValues>
    <picklistValues>
        <picklist>PERSONAL_PHOTOGRAPHER__c</picklist>
        <values>
            <fullName>AMAR RAMESH</fullName>
            <default>false</default>
        </values>
        <values>
            <fullName>CHRISTOPHER</fullName>
            <default>false</default>
        </values>
        <values>
            <fullName>CHURAMAN</fullName>
            <default>false</default>
        </values>
        <values>
            <fullName>KALEEM SHAIKH</fullName>
            <default>false</default>
        </values>
        <values>
            <fullName>PATRICK</fullName>
            <default>false</default>
        </values>
    </picklistValues>
</RecordType>
