<?xml version="1.0" encoding="UTF-8"?>
<CustomField xmlns="http://soap.sforce.com/2006/04/metadata">
    <fullName>Status__c</fullName>
    <externalId>false</externalId>
    <label>Status</label>
    <required>false</required>
    <trackHistory>false</trackHistory>
    <trackTrending>false</trackTrending>
    <type>Picklist</type>
    <valueSet>
        <restricted>true</restricted>
        <valueSetDefinition>
            <sorted>false</sorted>
            <value>
                <fullName>APPROVED</fullName>
                <default>false</default>
                <label>APPROVED</label>
            </value>
            <value>
                <fullName>REJECTED</fullName>
                <default>false</default>
                <label>REJECTED</label>
            </value>
            <value>
                <fullName>REASSIGN</fullName>
                <default>false</default>
                <label>REASSIGN</label>
            </value>
            <value>
                <fullName>REVIEWING</fullName>
                <default>false</default>
                <label>REVIEWING</label>
            </value>
            <value>
                <fullName>PENDING</fullName>
                <default>false</default>
                <label>PENDING</label>
            </value>
        </valueSetDefinition>
    </valueSet>
</CustomField>
