<?xml version="1.0" encoding="UTF-8"?>
<CustomField xmlns="http://soap.sforce.com/2006/04/metadata">
    <fullName>CAMERA_USED__c</fullName>
    <externalId>false</externalId>
    <label>CAMERA USED</label>
    <required>false</required>
    <trackHistory>false</trackHistory>
    <trackTrending>false</trackTrending>
    <type>Picklist</type>
    <valueSet>
        <restricted>true</restricted>
        <valueSetDefinition>
            <sorted>false</sorted>
            <value>
                <fullName>ARRI</fullName>
                <default>false</default>
                <label>ARRI</label>
            </value>
            <value>
                <fullName>CANON</fullName>
                <default>false</default>
                <label>CANON</label>
            </value>
            <value>
                <fullName>HASSELBLADE</fullName>
                <default>false</default>
                <label>HASSELBLADE</label>
            </value>
            <value>
                <fullName>NIKON</fullName>
                <default>false</default>
                <label>NIKON</label>
            </value>
            <value>
                <fullName>RED</fullName>
                <default>false</default>
                <label>RED</label>
            </value>
            <value>
                <fullName>SONY</fullName>
                <default>false</default>
                <label>SONY</label>
            </value>
        </valueSetDefinition>
    </valueSet>
</CustomField>
