<?xml version="1.0" encoding="UTF-8"?>
<CustomField xmlns="http://soap.sforce.com/2006/04/metadata">
    <fullName>TOLLYWOOD_TECHNICIAN__c</fullName>
    <businessStatus>Active</businessStatus>
    <externalId>false</externalId>
    <label>TOLLYWOOD_TECHNICIAN</label>
    <referenceTo>TOLLYWOOD__c</referenceTo>
    <relationshipLabel>TECHNICIANS</relationshipLabel>
    <relationshipName>TECHNICIANS</relationshipName>
    <relationshipOrder>0</relationshipOrder>
    <reparentableMasterDetail>false</reparentableMasterDetail>
    <trackHistory>false</trackHistory>
    <trackTrending>false</trackTrending>
    <type>MasterDetail</type>
    <writeRequiresMasterRead>true</writeRequiresMasterRead>
</CustomField>
