<?xml version="1.0" encoding="UTF-8"?>
<CustomField xmlns="http://soap.sforce.com/2006/04/metadata">
    <fullName>Working_STATUS__c</fullName>
    <externalId>false</externalId>
    <label>Working STATUS</label>
    <required>false</required>
    <trackHistory>false</trackHistory>
    <trackTrending>false</trackTrending>
    <type>Picklist</type>
    <valueSet>
        <restricted>true</restricted>
        <valueSetDefinition>
            <sorted>false</sorted>
            <value>
                <fullName>ACTIVE</fullName>
                <default>false</default>
                <label>ACTIVE</label>
            </value>
            <value>
                <fullName>INACTIVE</fullName>
                <default>false</default>
                <label>INACTIVE</label>
            </value>
            <value>
                <fullName>PARTIALLY INACTIVE</fullName>
                <default>false</default>
                <label>PARTIALLY INACTIVE</label>
            </value>
            <value>
                <fullName>TIME DEPENDENT</fullName>
                <default>false</default>
                <label>TIME DEPENDENT</label>
            </value>
        </valueSetDefinition>
    </valueSet>
</CustomField>
