<?xml version="1.0" encoding="UTF-8"?>
<RecordType xmlns="http://soap.sforce.com/2006/04/metadata">
    <fullName>Directors_guide</fullName>
    <active>true</active>
    <description>directors all information</description>
    <label>Directors guide</label>
    <picklistValues>
        <picklist>ASSISTANT_DIRECTOR__c</picklist>
        <values>
            <fullName>SRINIVAS</fullName>
            <default>false</default>
        </values>
    </picklistValues>
    <picklistValues>
        <picklist>PRODUCTION_DESIGNERS__c</picklist>
        <values>
            <fullName>RAGHU</fullName>
            <default>false</default>
        </values>
    </picklistValues>
</RecordType>
