<?xml version="1.0" encoding="UTF-8"?>
<RecordType xmlns="http://soap.sforce.com/2006/04/metadata">
    <fullName>Producers_guide</fullName>
    <active>true</active>
    <description>Producers list</description>
    <label>Producers guide</label>
    <picklistValues>
        <picklist>ASSISTANT_DIRECTOR__c</picklist>
        <values>
            <fullName>BEESHMA</fullName>
            <default>true</default>
        </values>
        <values>
            <fullName>RANGA CHARY</fullName>
            <default>false</default>
        </values>
        <values>
            <fullName>SRINIVAS</fullName>
            <default>false</default>
        </values>
    </picklistValues>
    <picklistValues>
        <picklist>PRODUCTION_DESIGNERS__c</picklist>
        <values>
            <fullName>RAGHU</fullName>
            <default>false</default>
        </values>
        <values>
            <fullName>RAMESH</fullName>
            <default>false</default>
        </values>
        <values>
            <fullName>RAVI</fullName>
            <default>false</default>
        </values>
    </picklistValues>
</RecordType>
