<?xml version="1.0" encoding="UTF-8"?>
<CustomField xmlns="http://soap.sforce.com/2006/04/metadata">
    <fullName>PERSONAL_PHOTOGRAPHER__c</fullName>
    <externalId>false</externalId>
    <label>PERSONAL  PHOTOGRAPHER</label>
    <required>false</required>
    <trackHistory>false</trackHistory>
    <trackTrending>false</trackTrending>
    <type>Picklist</type>
    <valueSet>
        <restricted>true</restricted>
        <valueSetDefinition>
            <sorted>false</sorted>
            <value>
                <fullName>AMAR RAMESH</fullName>
                <default>false</default>
                <label>AMAR RAMESH</label>
            </value>
            <value>
                <fullName>KALEEM SHAIKH</fullName>
                <default>false</default>
                <label>KALEEM SHAIKH</label>
            </value>
            <value>
                <fullName>CHURAMAN</fullName>
                <default>false</default>
                <label>CHURAMAN</label>
            </value>
            <value>
                <fullName>PATRICK</fullName>
                <default>false</default>
                <label>PATRICK</label>
            </value>
            <value>
                <fullName>CHRISTOPHER</fullName>
                <default>false</default>
                <label>CHRISTOPHER</label>
            </value>
        </valueSetDefinition>
    </valueSet>
</CustomField>
