<?xml version="1.0" encoding="UTF-8"?>
<CustomField xmlns="http://soap.sforce.com/2006/04/metadata">
    <fullName>PERSONAL_MAKEUP_ARTIST__c</fullName>
    <description>MAKE UP ARTISTS FOR HEROENS</description>
    <externalId>false</externalId>
    <label>PERSONAL MAKEUP ARTIST</label>
    <required>false</required>
    <trackHistory>false</trackHistory>
    <trackTrending>false</trackTrending>
    <type>Picklist</type>
    <valueSet>
        <valueSetDefinition>
            <sorted>false</sorted>
            <value>
                <fullName>CHANDHANA</fullName>
                <default>false</default>
                <label>CHANDHANA</label>
            </value>
            <value>
                <fullName>MEGHANA</fullName>
                <default>false</default>
                <label>MEGHANA</label>
            </value>
            <value>
                <fullName>PRIYANKA</fullName>
                <default>false</default>
                <label>PRIYANKA</label>
            </value>
            <value>
                <fullName>SNIGDHA</fullName>
                <default>false</default>
                <label>SNIGDHA</label>
            </value>
        </valueSetDefinition>
    </valueSet>
</CustomField>
