<?xml version="1.0" encoding="UTF-8"?>
<CustomField xmlns="http://soap.sforce.com/2006/04/metadata">
    <fullName>tollywood_production__c</fullName>
    <externalId>false</externalId>
    <label>tollywood_production</label>
    <referenceTo>TOLLYWOOD__c</referenceTo>
    <relationshipLabel>HEROENS</relationshipLabel>
    <relationshipName>HEROENS</relationshipName>
    <relationshipOrder>0</relationshipOrder>
    <reparentableMasterDetail>false</reparentableMasterDetail>
    <trackHistory>false</trackHistory>
    <trackTrending>false</trackTrending>
    <type>MasterDetail</type>
    <writeRequiresMasterRead>false</writeRequiresMasterRead>
</CustomField>
